current_path,physical_lines,top_level_definitions,internal_imports,proposed_target,phase
src/procurement/__init__.py,0,,,__init__.py,core-review
src/procurement/api/__init__.py,0,,,api/__init__.py,deferred
src/procurement/api/benchmark.py,97,get_benchmark_service; controls; page; script; runs; detail; start; command; stop; stage; artifact,procurement.api.ops.ui; procurement.benchmark.models; procurement.benchmark.service; procurement.common.file_lock,api/benchmark.py,deferred
src/procurement/api/main.py,77,lifespan; index_not_ready; sync_headers; live; ready,procurement.api.benchmark; procurement.api.ops; procurement.api.ops.dependencies; procurement.api.ops.ui; procurement.common.logging_config; procurement.common.settings; procurement.ops.index; procurement.storage.object_store,api/main.py,deferred
src/procurement/api/ops/__init__.py,3,,procurement.api.ops.router,api/ops/__init__.py,deferred
src/procurement/api/ops/dependencies.py,37,get_ops_runtime; get_ops_service,procurement.common.settings; procurement.ops.index; procurement.ops.repositories.indexed; procurement.ops.service; procurement.ops.sync; procurement.storage.object_store,api/ops/dependencies.py,deferred
src/procurement/api/ops/router.py,161,bid_opening_watch; sync_status; _bad_request; overview; list_resources; list_dates; get_date; list_runs; get_run; get_attempt; list_errors,procurement.api.ops.dependencies; procurement.ingestion.bid_opening_watch; procurement.ops.models; procurement.ops.service; procurement.ops.sync,api/ops/router.py,deferred
src/procurement/api/ops/ui.py,205,static_asset; root; runs_page; calendar_page; calendar_date_page; legacy_resource_page; legacy_date_page; run_page; attempt_page; errors_page; overview_page,procurement.api.ops.dependencies; procurement.api.ops.views; procurement.ingestion.bid_opening_watch; procurement.models.control; procurement.ops.service,api/ops/ui.py,deferred
src/procurement/api/ops/views.py,173,_text; _e; _badge; _sync_banner; _query; _run_url; _attempt_url; _date_url; _breadcrumbs; _layout; _not_found; _bad_request; _resource_options; _run_row; _attempt_row; _error_row; _day_tip; _year_heatmap,procurement.common.dates; procurement.common.settings; procurement.ops.models; procurement.ops.service,api/ops/views.py,deferred
src/procurement/benchmark/__init__.py,1,,,benchmark/__init__.py,deferred
src/procurement/benchmark/metrics.py,86,percentile; Metrics,procurement.benchmark.store,benchmark/metrics.py,deferred
src/procurement/benchmark/models.py,65,StageConfig; Sample; BenchmarkConfig,,benchmark/models.py,deferred
src/procurement/benchmark/runner.py,282,BenchmarkRunner,procurement.benchmark.metrics; procurement.benchmark.models; procurement.benchmark.store; procurement.common.cancellation; procurement.common.file_lock; procurement.common.settings; procurement.ingestion.sources.muasamcong.bid_opening.resource; procurement.ingestion.sources.muasamcong.client; procurement.ingestion.sources.muasamcong.concurrency; procurement.quality.contracts,benchmark/runner.py,deferred
src/procurement/benchmark/service.py,54,BenchmarkService,procurement.benchmark.store; procurement.common.file_lock; procurement.common.settings,benchmark/service.py,deferred
src/procurement/benchmark/store.py,116,now; write_json; BenchmarkStore,procurement.benchmark.models,benchmark/store.py,deferred
src/procurement/common/__init__.py,0,,,common/__init__.py,core-review
src/procurement/common/attempts.py,9,effective_attempt,procurement.models.control,metadata/service.py,core
src/procurement/common/cancellation.py,8,IngestionInterrupted,,common/cancellation.py,core-review
src/procurement/common/catalog.py,55,ResourceDefinition; get_resource,procurement.common.resources,common/catalog.py,core-review
src/procurement/common/dates.py,30,today_vn; validate_closed_range; validate_page_size; api_day_window,,common/dates.py,core-review
src/procurement/common/errors.py,52,sanitize_error_message; extract_http_status; build_error_record,procurement.common.resources; procurement.models.errors,common/errors.py,core-review
src/procurement/common/file_lock.py,37,LockBusy; exclusive_file_lock,,common/file_lock.py,core-review
src/procurement/common/logging_config.py,38,RedactingFormatter; configure_logging,procurement.common.errors; procurement.common.settings,infrastructure/logging.py,core
src/procurement/common/resources.py,10,ResourceIdentity,,common/resources.py,core-review
src/procurement/common/settings.py,74,Settings,,config.py,core
src/procurement/ingestion/__init__.py,0,,,ingestion/__init__.py,core-review
src/procurement/ingestion/batch_runner.py,166,DateWindow; split_by_day; to_api_window; _now; _final_status; _finalize_on_interrupt; run_batch_range,procurement.common.cancellation; procurement.common.dates; procurement.common.resources; procurement.ingestion.engine.models; procurement.models.control; procurement.storage.control; procurement.storage.execution,ingestion/service.py + ingestion/planning.py,core
src/procurement/ingestion/bid_opening_watch.py,322,namespace; WatchStore; selection_for; opening_states; notice_context; seed; check; read_status,procurement.common.catalog; procurement.common.dates; procurement.common.errors; procurement.common.settings; procurement.ingestion.coverage; procurement.ingestion.engine.metadata; procurement.ingestion.engine.pagination; procurement.ingestion.sources.muasamcong.bid_opening.resource; procurement.jobs.runner; procurement.quality.contracts; procurement.quality.storage; procurement.storage.committed; procurement.storage.control,watcher/store.py + watcher/service.py,migrated-shim
src/procurement/ingestion/coverage.py,67,CoverageDay; read_coverage,procurement.common.attempts; procurement.common.resources; procurement.models.control; procurement.storage.control,metadata/postgres/commits.py,core
src/procurement/ingestion/engine/__init__.py,1,,,ingestion/engine/__init__.py,core-review
src/procurement/ingestion/engine/daily_runner.py,327,_now; _pipeline_component; _attempt_pipeline_name; _create_pipeline; _result; _search_error_stage; run_daily_resource,procurement.common.cancellation; procurement.common.dates; procurement.common.errors; procurement.common.settings; procurement.ingestion.engine.models; procurement.ingestion.engine.page_runner; procurement.ingestion.engine.pagination; procurement.ingestion.engine.stats; procurement.models.control; procurement.quality.storage; procurement.storage.bronze; procurement.storage.control; procurement.storage.errors,ingestion/engine/daily_runner.py + ingestion/service.py + bronze/dlt_writer.py,core
src/procurement/ingestion/engine/metadata.py,21,utc_now; calculate_content_hash,,bronze/hashing.py,core
src/procurement/ingestion/engine/models.py,76,FetchPage; IterRecords; DailyResult; BronzeItem; ResourceSpec,procurement.common.resources; procurement.ingestion.engine.stats; procurement.models.bronze; procurement.models.errors,ingestion/contracts.py,core
src/procurement/ingestion/engine/page_runner.py,68,PageOutcome; run_page,procurement.common.cancellation; procurement.common.errors; procurement.ingestion.engine.models; procurement.ingestion.engine.stats; procurement.models.bronze; procurement.models.errors; procurement.storage.bronze,ingestion/engine/page_runner.py,core-review
src/procurement/ingestion/engine/pagination.py,125,SearchResultLimitError; PaginationInvariantError; _optional_int; iter_search_pages,,ingestion/engine/pagination.py,core-review
src/procurement/ingestion/engine/records.py,30,build_bronze_item,procurement.ingestion.engine.metadata; procurement.ingestion.engine.models; procurement.models.bronze,ingestion/engine/records.py,core-review
src/procurement/ingestion/engine/stats.py,69,PageStats,,ingestion/engine/stats.py,core-review
src/procurement/ingestion/sources/__init__.py,0,,,ingestion/sources/__init__.py,shared-or-resource-expansion
src/procurement/ingestion/sources/muasamcong/__init__.py,0,,,ingestion/sources/muasamcong/__init__.py,shared-or-resource-expansion
src/procurement/ingestion/sources/muasamcong/bid_opening/__init__.py,1,,,ingestion/sources/muasamcong/bid_opening/__init__.py,shared-or-resource-expansion
src/procurement/ingestion/sources/muasamcong/bid_opening/resource.py,215,request_body; BidOpeningApi; _iter_records; iter_records; create_bid_opening_spec,procurement.common.catalog; procurement.common.errors; procurement.common.settings; procurement.ingestion.engine.metadata; procurement.ingestion.engine.models; procurement.ingestion.engine.records; procurement.ingestion.engine.stats; procurement.ingestion.sources.muasamcong.search; procurement.quality.contracts; procurement.quality.opening_phases,ingestion/sources/muasamcong/bid_opening/resource.py,shared-or-resource-expansion
src/procurement/ingestion/sources/muasamcong/client.py,198,SourceResponseError; create_muasamcong_ssl_context; MuasamcongClient,procurement.common.settings; procurement.ingestion.sources.muasamcong.concurrency,ingestion/sources/muasamcong/client.py,shared-or-resource-expansion
src/procurement/ingestion/sources/muasamcong/concurrency.py,72,RequestBudget,procurement.common.cancellation,ingestion/sources/muasamcong/concurrency.py,shared-or-resource-expansion
src/procurement/ingestion/sources/muasamcong/contractor_result/__init__.py,0,,,ingestion/sources/muasamcong/contractor_result/__init__.py,shared-or-resource-expansion
src/procurement/ingestion/sources/muasamcong/contractor_result/extractor.py,173,ContractorResultDetailApi; _as_string; extract_contractor_result_identity; build_contractor_result_record; _record_detail_error; iter_contractor_result_records,procurement.common.errors; procurement.common.resources; procurement.ingestion.engine.models; procurement.ingestion.engine.records; procurement.ingestion.engine.stats; procurement.models.errors,ingestion/sources/muasamcong/contractor_result/extractor.py,shared-or-resource-expansion
src/procurement/ingestion/sources/muasamcong/contractor_result/resource.py,90,ContractorResultApi; _build_search_payload; create_contractor_result_spec,procurement.common.catalog; procurement.ingestion.engine.models; procurement.ingestion.sources.muasamcong.contractor_result.extractor; procurement.ingestion.sources.muasamcong.search,ingestion/sources/muasamcong/contractor_result/resource.py,shared-or-resource-expansion
src/procurement/ingestion/sources/muasamcong/khlcnt/__init__.py,0,,,ingestion/sources/muasamcong/khlcnt/__init__.py,shared-or-resource-expansion
src/procurement/ingestion/sources/muasamcong/khlcnt/extractor.py,243,KhlcntDetailApi; _package_results; build_plan_record; build_bid_package_record; _record_detail_error; iter_khlcnt_records,procurement.common.errors; procurement.common.resources; procurement.ingestion.engine.models; procurement.ingestion.engine.records; procurement.ingestion.engine.stats; procurement.models.errors,ingestion/sources/muasamcong/khlcnt/extractor.py,shared-or-resource-expansion
src/procurement/ingestion/sources/muasamcong/khlcnt/resource.py,88,KhlcntApi; _build_search_payload; create_khlcnt_spec,procurement.common.catalog; procurement.common.settings; procurement.ingestion.engine.models; procurement.ingestion.sources.muasamcong.khlcnt.extractor; procurement.ingestion.sources.muasamcong.search,ingestion/sources/muasamcong/khlcnt/resource.py,shared-or-resource-expansion
src/procurement/ingestion/sources/muasamcong/notify_contractor/__init__.py,0,,,ingestion/sources/muasamcong/notify_contractor/__init__.py,shared-or-resource-expansion
src/procurement/ingestion/sources/muasamcong/notify_contractor/extractor.py,96,NotifyContractorDetailApi; iter_notify_contractor_records,procurement.common.errors; procurement.common.resources; procurement.ingestion.engine.models; procurement.ingestion.engine.records; procurement.ingestion.engine.stats; procurement.models.errors; procurement.quality.contracts,ingestion/sources/muasamcong/notify_contractor/extractor.py,shared-or-resource-expansion
src/procurement/ingestion/sources/muasamcong/notify_contractor/resource.py,100,NotifyContractorApi; _build_search_payload; create_notify_contractor_spec,procurement.common.catalog; procurement.ingestion.engine.models; procurement.ingestion.sources.muasamcong.notify_contractor.extractor; procurement.ingestion.sources.muasamcong.search; procurement.quality.contracts,ingestion/sources/muasamcong/notify_contractor/resource.py,shared-or-resource-expansion
src/procurement/ingestion/sources/muasamcong/notify_contractor/router.py,23,DetailKind; UnsupportedNotifyWorkflowError; resolve_detail_kind,,ingestion/sources/muasamcong/notify_contractor/router.py,shared-or-resource-expansion
src/procurement/ingestion/sources/muasamcong/project/__init__.py,0,,,ingestion/sources/muasamcong/project/__init__.py,core-review
src/procurement/ingestion/sources/muasamcong/project/extractor.py,147,ProjectDetailApi; extract_project_version; build_project_record; _record_detail_error; iter_project_records,procurement.common.errors; procurement.common.resources; procurement.ingestion.engine.models; procurement.ingestion.engine.records; procurement.ingestion.engine.stats; procurement.models.errors,ingestion/sources/muasamcong/project/extractor.py,core-review
src/procurement/ingestion/sources/muasamcong/project/resource.py,72,ProjectApi; _build_search_payload; create_project_spec,procurement.common.catalog; procurement.ingestion.engine.models; procurement.ingestion.sources.muasamcong.project.extractor; procurement.ingestion.sources.muasamcong.search,ingestion/sources/muasamcong/project/resource.py,core-review
src/procurement/ingestion/sources/muasamcong/search.py,31,JsonPostClient; search_document_key; build_search_payload,,ingestion/sources/muasamcong/search.py,shared-or-resource-expansion
src/procurement/jobs/__init__.py,0,,,jobs/__init__.py,core-review
src/procurement/jobs/failures.py,24,classify_day_failure,procurement.common.resources; procurement.models.control; procurement.storage.control; procurement.storage.errors,ingestion/failures.py,core
src/procurement/jobs/ingest.py,350,_parser; _request_interval; _max_inflight; resolve_dates; _liveness; _execute_plan; execute_flow; main,procurement.common.catalog; procurement.common.dates; procurement.common.errors; procurement.common.logging_config; procurement.common.settings; procurement.ingestion.coverage; procurement.ingestion.sources.muasamcong.concurrency; procurement.jobs.failures; procurement.jobs.lock; procurement.jobs.runner; procurement.models.control; procurement.storage.committed; procurement.storage.control; procurement.storage.execution; procurement.storage.object_store; procurement.tools.watch_bid_opening,cli/ingest.py + ingestion/planning.py,core-then-expand
src/procurement/jobs/lock.py,19,execution_lock,procurement.common.file_lock; procurement.common.settings,metadata/postgres/leases.py,core
src/procurement/jobs/runner.py,75,run_resource_day,procurement.common.catalog; procurement.common.dates; procurement.common.settings; procurement.ingestion.batch_runner; procurement.ingestion.engine.daily_runner; procurement.ingestion.sources.muasamcong.client; procurement.ingestion.sources.muasamcong.concurrency; procurement.storage.object_store,ingestion/service.py + bootstrap.py,core
src/procurement/models/__init__.py,21,,procurement.models.bronze; procurement.models.control; procurement.models.errors,models/__init__.py,core-review
src/procurement/models/bronze.py,22,BronzeRecord,,bronze/models.py,core
src/procurement/models/control.py,72,_StrictModel; RunStatus; DayStatus; PageStatus; RunManifest; DayManifest; PageManifest,,metadata/models.py,core
src/procurement/models/errors.py,21,ErrorRecord,,metadata/models.py,core
src/procurement/ops/__init__.py,0,,,ops/__init__.py,deferred
src/procurement/ops/index.py,156,IndexNotReady; journal_mode; _utc; OpsIndex,,ops/index.py,deferred
src/procurement/ops/models.py,144,_OpsModel; ResourceHealth; DateIngestionStatus; ExecutionState; RunSummary; AttemptSummary; PageSummary; ErrorSummary; ResourceSummary; DateSummary; DateDetail; AttemptDetail; RunDetail; OpsOverview,procurement.models.control,ops/models.py,deferred
src/procurement/ops/repositories/__init__.py,4,,procurement.ops.repositories.control; procurement.ops.repositories.errors,ops/repositories/__init__.py,deferred
src/procurement/ops/repositories/control.py,90,ControlRepository,procurement.common.resources; procurement.models.control; procurement.storage.control; procurement.storage.execution,ops/repositories/control.py,deferred
src/procurement/ops/repositories/errors.py,34,ErrorRepository,procurement.common.resources; procurement.models.errors; procurement.storage.errors,ops/repositories/errors.py,deferred
src/procurement/ops/repositories/indexed.py,78,IndexedControlRepository; IndexedErrorRepository,procurement.models.control; procurement.models.errors; procurement.storage.control,ops/repositories/indexed.py,deferred
src/procurement/ops/service.py,447,OpsService,procurement.common.attempts; procurement.common.catalog; procurement.common.resources; procurement.models.control; procurement.models.errors; procurement.ops.models; procurement.ops.repositories,ops/service.py,deferred
src/procurement/ops/sync.py,222,IndexSynchronizer; main,procurement.common.catalog; procurement.common.errors; procurement.common.file_lock; procurement.common.logging_config; procurement.common.settings; procurement.models.control; procurement.models.errors; procurement.ops.index; procurement.storage.errors; procurement.storage.object_store,ops/sync.py,deferred
src/procurement/orchestration/__init__.py,1,,,orchestration/__init__.py,core-review
src/procurement/orchestration/bronze.py,187,BronzeConfig; _committed_attempt; _quality_result; build_bronze_asset,procurement.common.catalog; procurement.common.dates; procurement.common.settings; procurement.ingestion.coverage; procurement.jobs.lock; procurement.jobs.runner; procurement.models.control; procurement.quality.adapters; procurement.quality.audit; procurement.quality.contracts; procurement.storage.committed; procurement.storage.control,orchestration/bronze.py,core-review
src/procurement/orchestration/definitions.py,59,bronze_daily_schedule,procurement.common.dates; procurement.orchestration.bronze; procurement.orchestration.resources; procurement.orchestration.watcher; procurement.orchestration.workflows,orchestration/definitions.py,core-review
src/procurement/orchestration/resources.py,9,object_storage,procurement.storage.object_store,orchestration/resources.py,core-review
src/procurement/orchestration/watcher.py,107,due_days; seed_bid_opening; check_bid_opening; bid_opening_seed_job; bid_opening_watch_job; bid_opening_due_sensor; bid_opening_seed_sensor,procurement.common.settings; procurement.ingestion.engine.metadata; procurement.jobs.lock; procurement.orchestration.bronze; procurement.storage.control; procurement.watcher,orchestration/watcher.py,migrated-service
src/procurement/orchestration/workflows.py,109,QualityJobConfig; validate_year; quality_audit; quality_repair; BenchmarkJobConfig; benchmark; quality_audit_job; quality_repair_job; benchmark_job,procurement.benchmark.models; procurement.benchmark.runner; procurement.benchmark.store; procurement.common.dates; procurement.common.settings; procurement.ingestion.sources.muasamcong.client; procurement.ingestion.sources.muasamcong.concurrency; procurement.jobs.lock; procurement.orchestration.bronze; procurement.quality.audit; procurement.quality.contracts; procurement.quality.workflow,orchestration/workflows.py,deferred
src/procurement/processing/__init__.py,1,,,processing/__init__.py,frozen
src/procurement/processing/releases.py,96,ReleaseCommitUncertainError; prefix; current; load; _set_pointer; publish; rollback,procurement.common.file_lock; procurement.processing.silver.selection; procurement.processing.warehouse; procurement.storage.iceberg; procurement.storage.io,processing/releases.py,frozen
src/procurement/processing/silver/__init__.py,1,,,processing/silver/__init__.py,frozen
src/procurement/processing/silver/contracts.py,59,lookup; text; money,,processing/silver/contracts.py,frozen
src/procurement/processing/silver/observations.py,102,canonical; transform,procurement.processing.silver.contracts; procurement.processing.silver.selection,processing/silver/observations.py,frozen
src/procurement/processing/silver/pipeline.py,37,build,procurement.processing.silver.contracts; procurement.processing.silver.observations; procurement.processing.silver.planner; procurement.processing.silver.revisions; procurement.processing.silver.selection,processing/silver/pipeline.py,frozen
src/procurement/processing/silver/planner.py,23,code_fingerprint; partition_key; plan,procurement.processing.silver.selection,processing/silver/planner.py,frozen
src/procurement/processing/silver/revisions.py,88,assemble; validate,procurement.processing.silver.selection,processing/silver/revisions.py,frozen
src/procurement/processing/silver/selection.py,66,digest; file_hash; freeze; records,procurement.common.catalog; procurement.ingestion.engine.metadata; procurement.storage.committed; procurement.storage.control,processing/silver/selection.py,frozen
src/procurement/processing/warehouse.py,79,stage; read_pinned,procurement.storage.iceberg,processing/warehouse.py,frozen
src/procurement/quality/__init__.py,1,,,quality/__init__.py,resource-expansion
src/procurement/quality/adapters.py,22,search_api; fetch_detail,procurement.ingestion.sources.muasamcong.bid_opening.resource; procurement.ingestion.sources.muasamcong.notify_contractor.resource; procurement.quality.contracts,quality/adapters.py,resource-expansion
src/procurement/quality/audit.py,242,frozen_selection; selection_day; record_key; context_index; find_context; assess_record; audit_day; run_audit,procurement.common.catalog; procurement.common.settings; procurement.ingestion.coverage; procurement.ingestion.engine.metadata; procurement.quality.contracts; procurement.quality.files; procurement.quality.storage; procurement.storage.committed,quality/audit.py,resource-expansion
src/procurement/quality/bid_opening.py,52,validate_assembly,procurement.quality.contracts; procurement.quality.opening_phases,quality/bid_opening.py,resource-expansion
src/procurement/quality/comparison.py,135,_audit; compare_audits,procurement.ingestion.engine.metadata; procurement.quality.audit; procurement.quality.files,quality/comparison.py,resource-expansion
src/procurement/quality/contracts.py,238,StrictModel; Thresholds; Contract; Route; QualityConfig; load_config; resolve_route; DetailValidationError; lookup; empty; issue; finish; _shape; validate_detail; cohort_warnings,procurement.common.settings; procurement.ingestion.engine.metadata; procurement.quality.bid_opening,quality/contracts.py,resource-expansion
src/procurement/quality/coverage.py,46,CoverageGuard,procurement.common.attempts; procurement.common.settings; procurement.ingestion.coverage; procurement.models.control; procurement.storage.control,metadata query API,deferred
src/procurement/quality/evidence.py,287,snapshot; load_snapshot; sample_workflows; ProbeLimitError; ProbeBudget; classify_sample; probe; revalidate_evidence; export_config,procurement.common.dates; procurement.ingestion.engine.metadata; procurement.ingestion.engine.pagination; procurement.ingestion.sources.muasamcong.concurrency; procurement.ingestion.sources.muasamcong.search; procurement.quality.contracts; procurement.quality.files,quality/evidence.py,resource-expansion
src/procurement/quality/files.py,68,now; read_json; write_json; safe_error; cli,procurement.common.errors; procurement.common.settings,quality/files.py,resource-expansion
src/procurement/quality/opening_phases.py,42,opening_mode; financial_published; opening_parts,procurement.quality.contracts,quality/opening_phases.py,resource-expansion
src/procurement/quality/repair.py,441,create_plan; validate_plan; assert_baseline; read_baseline; fetch_replacement; reconstruct; verify_output; apply_day; apply_plan,procurement.common.catalog; procurement.common.settings; procurement.ingestion.coverage; procurement.ingestion.engine.daily_runner; procurement.ingestion.engine.metadata; procurement.ingestion.engine.models; procurement.jobs.lock; procurement.models.bronze; procurement.models.control; procurement.quality.adapters; procurement.quality.audit; procurement.quality.contracts; procurement.quality.coverage; procurement.quality.files; procurement.quality.storage; procurement.storage.bronze; procurement.storage.committed; procurement.storage.control; procurement.storage.execution; procurement.storage.io,"quality/repair/{planner,executor,reconstruction,verification}.py",deferred
src/procurement/quality/storage.py,26,quality_prefix; save_quality_page; read_quality_contexts,procurement.common.settings; procurement.storage.io,quality/storage.py,resource-expansion
src/procurement/quality/workflow.py,123,initialize_job; run_workflow,procurement.common.file_lock; procurement.common.settings; procurement.ingestion.engine.metadata; procurement.quality.adapters; procurement.quality.audit; procurement.quality.comparison; procurement.quality.contracts; procurement.quality.evidence; procurement.quality.files; procurement.quality.repair,quality/workflow.py,resource-expansion
src/procurement/storage/__init__.py,0,,,storage/__init__.py,core-review
src/procurement/storage/bronze.py,167,BronzeWriter; BronzeWriteError; DltBronzeWriter; BufferedBronzeWriter; create_bronze_destination; serialize_record; create_bronze_resource,procurement.common.cancellation; procurement.common.settings; procurement.models.bronze,bronze/writer.py + bronze/dlt_writer.py + bronze/paths.py,core
src/procurement/storage/committed.py,71,CommittedDay; select_committed_days; iter_committed_records; verify_committed,procurement.common.catalog; procurement.common.settings; procurement.ingestion.coverage; procurement.ingestion.engine.metadata,bronze/reader.py + bronze/verification.py,core
src/procurement/storage/compact_parquet.py,123,copy_file; digest_file; _schema; rewrite_table; verify_multiset,procurement.ingestion.engine.metadata,compaction/verification.py + compaction/parquet.py,deferred
src/procurement/storage/compaction.py,422,UnconfirmedCompaction; namespace; parquet_prefix; provenance_key; object_signature; inventory; quality_inventory; _metadata; create_plan; validate_plan; assert_baseline; _verify_receipt; _finish_run; apply_day; run_plan,procurement.common.catalog; procurement.common.dates; procurement.common.settings; procurement.ingestion.coverage; procurement.ingestion.engine.metadata; procurement.jobs.lock; procurement.models.control; procurement.quality.coverage; procurement.quality.files; procurement.quality.storage; procurement.storage.committed; procurement.storage.compact_parquet; procurement.storage.control; procurement.storage.execution; procurement.storage.io; procurement.storage.transfer_archive,compaction/planner.py + compaction/executor.py + compaction/recovery.py,deferred
src/procurement/storage/control.py,192,DayCommitUncertainError; commit_day_manifest; _resource_prefix; _run_prefix; _day_prefix; write_run_manifest; read_run_manifest; list_run_manifests; write_day_manifest; read_day_manifest; list_day_manifests; write_page_manifest; read_page_manifest; list_page_manifests,procurement.common.resources; procurement.common.settings; procurement.models.control; procurement.storage.io,metadata/postgres/attempts.py + metadata/postgres/commits.py,core
src/procurement/storage/errors.py,73,save_error_records; _normalize_error_payload; list_error_records,procurement.common.errors; procurement.common.resources; procurement.common.settings; procurement.models.errors; procurement.storage.events,metadata/postgres/attempts.py,core
src/procurement/storage/events.py,23,notify_changed,,retire after legacy callers migrated,deferred
src/procurement/storage/execution.py,58,execution_key; read_execution; ExecutionHeartbeat,procurement.common.resources; procurement.common.settings; procurement.storage.io,metadata/postgres/leases.py,core
src/procurement/storage/iceberg.py,92,literal; IcebergConfig; identifier; RestCatalog; connect,,storage/iceberg.py,frozen
src/procurement/storage/io.py,22,write_json; read_json,procurement.storage.events,retire after legacy callers migrated,deferred
src/procurement/storage/object_store.py,18,create_s3_filesystem,procurement.common.settings,infrastructure/object_store.py,core
src/procurement/storage/transfer.py,396,TransferError; ImportRun; _bucket; _key; _relative; _lock; _source_plan; _publish; export_bundle; inspect_bundle; _preflight; _preflight_runs; _put_run; _put_missing; _check_objects; _confirm_coverage; import_bundle,procurement.common.catalog; procurement.common.settings; procurement.ingestion.coverage; procurement.jobs.lock; procurement.models.control; procurement.storage.committed; procurement.storage.control; procurement.storage.transfer_archive,transfer/export.py + transfer/importer.py,deferred
src/procurement/storage/transfer_archive.py,311,BundleModel; ObjectDigest; BundleDay; BundleIndex; year_dates; copy_digest; safe_key; _unique_json; read_json_member; ArchiveFilesystem; selection_for; _validate_index; _completed; validate_day_metadata; project_import_run; ValidatedArchive,procurement.common.catalog; procurement.common.dates; procurement.models.control; procurement.storage.committed,transfer/archive.py,deferred
src/procurement/tools/__init__.py,0,,,cli/__init__.py + feature service,deferred
src/procurement/tools/audit_bronze_quality.py,46,main,procurement.common.catalog; procurement.common.dates; procurement.ingestion.engine.metadata; procurement.quality.audit; procurement.quality.contracts; procurement.quality.evidence; procurement.quality.files; procurement.storage.object_store,cli/audit_bronze_quality.py + feature service,deferred
src/procurement/tools/audit_notify_routing.py,257,legacy_route; _routing_config; current_route; workflow_key; add_samples; routing_reasons; scan_day; save_report; load_resume; safe_error; main,procurement.common.dates; procurement.common.errors; procurement.common.settings; procurement.ingestion.engine.pagination; procurement.ingestion.sources.muasamcong.client; procurement.ingestion.sources.muasamcong.notify_contractor.resource; procurement.ingestion.sources.muasamcong.notify_contractor.router; procurement.ingestion.sources.muasamcong.search; procurement.quality.contracts,cli/audit_notify_routing.py + feature service,deferred
src/procurement/tools/benchmark.py,72,main,procurement.benchmark.models; procurement.benchmark.runner; procurement.benchmark.service; procurement.benchmark.store; procurement.common.settings,cli/benchmark.py + feature service,deferred
src/procurement/tools/bronze_explorer.py,409,BronzeTable; _sql_literal; _quote_identifier; _parse_endpoint; _list_directories; _discover_bronze_tables; _configure_s3_secret; _load_extension; _select_current_files; _create_selection_issues; _create_bronze_views; _create_notify_view; _build_parser; open_bronze_explorer; main,procurement.common.attempts; procurement.common.catalog; procurement.common.settings; procurement.models.control; procurement.storage.control; procurement.storage.io; procurement.storage.object_store,cli/bronze_explorer.py + feature service,deferred
src/procurement/tools/bronze_transfer.py,93,_parser; _safe_error; main,procurement.common.catalog; procurement.common.errors; procurement.common.logging_config; procurement.common.settings; procurement.storage.object_store; procurement.storage.transfer; procurement.storage.transfer_archive,cli/bronze_transfer.py + feature service,deferred
src/procurement/tools/compact_bronze.py,65,main,procurement.common.catalog; procurement.common.dates; procurement.common.logging_config; procurement.common.settings; procurement.quality.files; procurement.storage.compaction; procurement.storage.object_store,cli/compact_bronze.py + feature service,deferred
src/procurement/tools/count_records.py,175,footer_count; signature; count_files; build_report; show; main,procurement.common.catalog; procurement.common.settings; procurement.storage.object_store; procurement.tools.bronze_explorer,cli/count_records.py + feature service,deferred
src/procurement/tools/notify_quality_evidence.py,81,main,procurement.common.settings; procurement.ingestion.engine.metadata; procurement.ingestion.sources.muasamcong.client; procurement.ingestion.sources.muasamcong.notify_contractor.resource; procurement.quality.contracts; procurement.quality.evidence; procurement.quality.files,cli/notify_quality_evidence.py + feature service,deferred
src/procurement/tools/profile_notify_fields.py,267,is_populated; walk; FieldCounts; TableProfile; observe; profile_record; profile_day; merge_profiles; field_rows; write_field_csv; run_profile; main,procurement.common.catalog; procurement.quality.contracts; procurement.storage.committed; procurement.storage.object_store,cli/profile_notify_fields.py + feature service,deferred
src/procurement/tools/recover_result_2024.py,182,recovery_spec; runner; main,procurement.common.catalog; procurement.common.dates; procurement.common.logging_config; procurement.common.settings; procurement.ingestion.batch_runner; procurement.ingestion.engine.daily_runner; procurement.ingestion.engine.metadata; procurement.ingestion.sources.muasamcong.client; procurement.ingestion.sources.muasamcong.contractor_result.resource; procurement.jobs.ingest; procurement.jobs.lock; procurement.quality.files; procurement.quality.storage; procurement.storage.io; procurement.storage.object_store,tools/recover_result_2024.py,frozen
src/procurement/tools/repair_bronze_quality.py,105,repair_client; main,procurement.common.dates; procurement.common.settings; procurement.ingestion.sources.muasamcong.client; procurement.ingestion.sources.muasamcong.concurrency; procurement.quality.comparison; procurement.quality.contracts; procurement.quality.files; procurement.quality.repair; procurement.quality.workflow; procurement.storage.object_store,cli/repair_bronze_quality.py + feature service,deferred
src/procurement/tools/watch_bid_opening.py,78,run_watch; main,procurement.common.settings; procurement.jobs.lock; procurement.quality.files; procurement.storage.object_store; procurement.watcher,cli/watch_bid_opening.py + watcher/service.py,migrated-cli
